SC,SN,CC,RC,CN,LAKE,YR,POP,USUR,USURL,USAL,UGW,UREC,URES,UIND,UTOT,UPOP,ASUR,ASURL,ASAL,AGW,AREC,ATOT,ISUR,ISURL,ISAL,IGW,IREC,ITOT,PSUR,PSURL,PSAL,PGW,PREC,PTOT,SUR,SURL,SAL,GW,REC,ALL,PGEN,PSALO,PGENO,PTOTO,RN
6,Califor,37,1,Los Angeles Count,0,2010,9818.605,783.45,0,0,629.57,85.47,1458.05,56.12,1498.49,9242.7,29.23,0,0,62.66,6.28,98.17,0,0,0,197.69,15.82,213.51,0,0,1361.26,0.09,0,1361.35,812.68,0,1361.26,890.01,107.57,3171.52,6855.84,1361.26,4485.72,1361.26,CA_Urban
6,Califor,59,1,Orange County,0,2010,3010.232,230.52,0,0,289.03,36.67,540.2,17.82,556.22,2795.88,5.42,0,0,13.02,5.54,23.98,0,0,0,26.59,1.81,28.4,0.16,0,200.65,0,0,200.81,236.1,0,200.65,328.64,44.02,809.41,980.35,200.65,931.67,200.65,CA_Urban
6,Califor,111,1,Ventura County,0,2010,823.318,116.51,0,0,50.42,2.62,165.92,7.1,169.55,771.98,62.41,0,0,163.86,7.16,233.43,0,0,0.03,18.95,0.05,19.03,0,0,293.19,0,0,293.19,178.92,0,293.22,233.23,9.83,715.2,246.17,293.19,194.65,293.19,CA_Urban
6,Califor,65,2,Riverside County,0,2010,2189.641,209.52,0,0,312.82,47.4,566.49,12.05,569.74,2133.77,387.71,0,0,152.31,13.02,553.04,7.35,0,0,5.26,2.68,15.29,0.21,0,0,6.44,0,6.65,604.79,0,0,476.83,63.1,1144.72,4454.26,0,0,0,CA_Basin
6,Califor,71,2,San Bernardino Co,0,2010,2035.21,94.01,0,0,380.96,23.11,496.94,9.26,498.08,2001.73,16.11,0,0,92.82,7.46,116.39,0,0,0,54.64,3.93,58.57,4.09,0,0,11,0,15.09,114.21,0,0,539.42,34.5,688.13,4509.3,0,0,0,CA_Basin
6,Califor,73,2,San Diego County,0,2010,3095.313,455.17,0,0,44.98,30.48,511.97,3.93,530.63,2846.69,134.04,0,0,38.05,13.31,185.4,0.23,0,0,3.31,8.15,11.69,0.01,0,2142.34,0,0,2142.35,589.45,0,2142.34,86.34,51.94,2870.07,15496.96,2142.34,14157.19,2142.34,CA_Basin
6,Califor,25,3,Imperial County,0,2010,174.528,30.57,0,0,2.23,0,32.22,1.75,32.8,156.35,1079.82,0,0,16.46,0,1096.28,0,0,0,7.38,0,7.38,22.5,0,0,0,0,22.5,1132.89,0,0,26.07,0,1158.96,3810.89,0,0,0,CA_Imperial
6,Califor,1,4,Alameda County,0,2010,1510.271,194.39,0,0,25.73,13.47,228.97,19.77,233.59,1448.7,14.37,0,0,13.17,0,27.54,0,0,0,3.58,7.5,11.08,0,0,0,0,0,0,208.76,0,0,42.48,20.97,272.21,0,0,0,0,CA_Other
6,Califor,3,4,Alpine County,0,2010,1.175,0.12,0,0,0.11,0,0.19,0,0.23,0.75,4.23,0,0,0,0,4.23,0,0,0,0.01,0,0.01,0,0,0,0,0,0,4.35,0,0,0.12,0,4.47,0,0,0,0,CA_Other
6,Califor,5,4,Amador County,0,2010,38.091,6.5,0,0,1.66,0,7.59,0.08,8.16,30.21,17.58,0,0,5.66,0,23.24,0.62,0,0,0.35,0,0.97,0,0,0,0,0,0,24.7,0,0,7.67,0,32.37,0,0,0,0,CA_Other
6,Califor,7,4,Butte County,0,2010,220,14.67,0,0,30.71,0,42.84,0.76,45.38,186.2,406.53,0,0,239.93,0,646.46,0.85,0,0,3.41,0,4.26,0,0,0,0.4,0,0.4,422.05,0,0,274.45,0,696.5,69.47,0,0,0,CA_Other
6,Califor,9,4,Calaveras County,0,2010,45.578,9.37,0,0,1.06,0.47,10.12,0,10.9,33.01,10.72,0,0,2.03,0,12.75,0.04,0,0,0.17,0,0.21,0,0,0,0,0,0,20.13,0,0,3.26,0.47,23.86,0,0,0,0,CA_Other
6,Califor,11,4,Colusa County,0,2010,21.419,0.08,0,0,4.31,0,4.13,0.1,4.39,17.94,704.18,0,0,125.09,0,829.27,0,0,0,0.84,0,0.84,0,0,0,0.52,0,0.52,704.26,0,0,130.76,0,835.02,175.65,0,0,0,CA_Other
6,Califor,13,4,Contra Costa Coun,0,2010,1049.025,170.63,0,0,10.26,13.42,191.6,34.02,194.31,1012.98,61.67,0,0,5.74,0,67.41,0,0,0,3.84,36.31,40.15,0,0,49.5,1.09,0,50.59,232.3,0,49.5,20.93,49.73,352.46,3519.66,48.46,422.85,49.19,CA_Other
6,Califor,15,4,Del Norte County,0,2010,28.61,0.26,0,0,3.22,0,2.89,0.03,3.48,20.74,0.47,0,0,9.7,0,10.17,0,0,0,0.02,0,0.02,0,0,0,0,0,0,0.73,0,0,12.94,0,13.67,0,0,0,0,CA_Other
6,Califor,17,4,El Dorado County,0,2010,181.058,37.62,0,0,6.81,1.86,45.48,0.38,46.29,167.56,5.42,0,0,4.93,0,10.35,0.01,0,0,0.94,0,0.95,0,0,0,0,0,0,43.05,0,0,12.68,1.86,57.59,0,0,0,0,CA_Other
6,Califor,19,4,Fresno County,0,2010,930.45,79.52,0,0,186.06,0.42,258.36,12.95,266,825.21,1805.2,0,0,712.83,0,2518.03,0.21,0,0,17.57,0,17.78,0,0,0,0.62,0,0.62,1884.93,0,0,917.08,0.42,2802.43,378.24,0,350.69,0,CA_Other
6,Califor,21,4,Glenn County,0,2010,28.122,0.15,0,0,5,0,4.42,0.03,5.15,18.27,375.38,0,0,225.57,0,600.95,0,0,0,0.53,0,0.53,0,0,0,0,0,0,375.53,0,0,231.1,0,606.63,0,0,0,0,CA_Other
6,Califor,23,4,Humboldt County,0,2010,134.623,12.92,0,0,3.98,1.93,18.15,0.33,18.83,124.3,3.06,0,0,37.2,0,40.26,0.03,0,0,0.72,0.02,0.77,0,0,56.07,0,0,56.07,16.01,0,56.07,41.9,1.95,115.93,500.74,56.07,375.76,56.07,CA_Other
6,Califor,27,4,Inyo County,0,2010,18.546,0.04,0,0,5.79,0,5.71,0,5.83,16.93,30.64,0,0,55.04,0,85.68,1.29,0,0,0.09,0,1.38,0,0,0,9.48,0,9.48,31.97,0,0,70.4,0,102.37,1600.81,0,0,0,CA_Other
6,Califor,29,4,Kern County,0,2010,839.631,58.38,0,0,169.9,37.01,263.01,28.04,265.29,785.56,1036.43,0,0,785.57,36.25,1858.25,0,0,0,95.12,0,95.12,3.29,0,0,6.99,0,10.28,1098.1,0,0,1057.58,73.26,2228.94,10543.72,0,0,0,CA_Other
6,Califor,31,4,Kings County,0,2010,152.982,4.41,0,0,25.65,5.68,34.6,1.01,35.74,137.73,752.33,0,0,512.98,5.23,1270.54,0,0,0,3.1,0,3.1,0,0,0,0.38,0,0.38,756.74,0,0,542.11,10.91,1309.76,166.51,0,0,0,CA_Other
6,Califor,33,4,Lake County,0,2010,64.665,4.72,0,0,5.3,0,8.07,0.01,10.02,38.72,10.32,0,0,22.43,0,32.75,0.1,0,0,0.99,0,1.09,0,0,0,6.99,0,6.99,15.14,0,0,35.71,0,50.85,1243.84,0,0,0,CA_Other
6,Califor,35,4,Lassen County,0,2010,34.895,0.09,0,0,7.73,0,7.26,0.54,7.82,16.68,137,0,0,56.92,0,193.92,0.01,0,0,0.07,0,0.08,0,0,0,0.79,0,0.79,137.1,0,0,65.51,0,202.61,231.66,0,0,0,CA_Other
6,Califor,39,4,Madera County,0,2010,150.865,0.91,0,0,24.24,0,22.03,0,25.15,100.48,364.69,0,0,354.29,0,718.98,0,0,0,4.57,0,4.57,0,0,0,0,0,0,365.6,0,0,383.1,0,748.7,16.82,0,0,0,CA_Other
6,Califor,41,4,Marin County,0,2010,252.409,31.15,0,0,1.25,0.6,32.62,0.01,33,247.37,3.16,0,0,6.91,2.47,12.54,0.02,0,0,0.36,0.02,0.4,0,0,0,0,0,0,34.33,0,0,8.52,3.09,45.94,0,0,0,0,CA_Other
6,Califor,43,4,Mariposa County,0,2010,18.251,0.68,0,0,1.89,0,1.56,0,2.57,4.79,0.21,0,0,2.54,0,2.75,0,0,0,0,0,0,0,0,0,0,0,0,0.89,0,0,4.43,0,5.32,0,0,0,0,CA_Other
6,Califor,45,4,Mendocino County,0,2010,87.841,4.22,0,0,7.56,0.18,10.02,0.2,11.96,61.94,39.23,0,0,27.04,0,66.27,0.02,0,0,3.46,0.18,3.66,0,0,0,0,0,0,43.47,0,0,38.06,0.36,81.89,0,0,0,0,CA_Other
6,Califor,47,4,Merced County,0,2010,255.793,2.02,0,0,52.19,2.53,52.96,4.42,56.74,205.39,1029.65,0,0,403.81,0,1433.46,0.09,0,0,6.22,0,6.31,0,0,0,0.03,0,0.03,1031.76,0,0,462.25,2.53,1496.54,8.27,0,0,0,CA_Other
6,Califor,49,4,Modoc County,0,2010,9.686,0.06,0,0,1.63,0,1.29,0.09,1.69,4.39,196.39,0,0,63.11,0,259.5,0.01,0,0,0.03,0,0.04,0,0,0,0,0,0,196.46,0,0,64.77,0,261.23,0,0,0,0,CA_Other
6,Califor,51,4,Mono County,0,2010,14.202,1.56,0,0,1.54,0.09,3.07,0,3.19,11.89,174.89,0,0,51.61,0,226.5,0.01,0,0,0.1,0,0.11,0,0,0,0,0,0,176.46,0,0,53.25,0.09,229.8,0,0,0,0,CA_Other
6,Califor,53,4,Monterey County,0,2010,415.057,0.39,0,0,50,0,48.37,1.56,50.39,375.63,1.53,0,0,478.95,6.06,486.54,0,0,0,7.15,0,7.15,0,0,6.88,0.64,0,7.52,1.92,0,6.88,536.74,6.06,551.6,452.95,6.88,272.5,6.88,CA_Other
6,Califor,55,4,Napa County,0,2010,136.484,17.72,0,0,1.94,0.32,18.86,0.01,19.98,118.58,21.13,0,0,48.28,0.39,69.8,0.24,0,0,7.55,0,7.79,0,0,0,0,0,0,39.09,0,0,57.77,0.71,97.57,0,0,0,0,CA_Other
6,Califor,57,4,Nevada County,0,2010,98.764,11.72,0,0,6.92,1.91,18.06,0.08,20.55,65.56,26.1,0,0,3.51,0,29.61,0.05,0,0,0.39,0,0.44,0,0,0,0,0,0,37.87,0,0,10.82,1.91,50.6,0,0,0,0,CA_Other
6,Califor,61,4,Placer County,0,2010,348.432,62.61,0,0,6.62,3.01,69.03,1.14,72.24,305.3,96.58,0,0,23.3,1.95,121.83,0.01,0,0,2.08,0,2.09,0,0,0,0,0,0,159.2,0,0,32,4.96,196.16,353,0,0,0,CA_Other
6,Califor,63,4,Plumas County,0,2010,20.007,0.9,0,0,3.1,0,3.79,0,4,17.27,91.34,0,0,20.63,0,111.97,0.01,0,0,1.47,0,1.48,0,0,0,0,0,0,92.25,0,0,25.2,0,117.45,0,0,0,0,CA_Other
6,Califor,67,4,Sacramento County,0,2010,1418.788,195,0,0,117.33,0.73,312.37,5.73,313.06,1400.1,169.11,0,0,143.5,0,312.61,0,0,0,19.21,0,19.21,1.93,0,0,0,0,1.93,366.04,0,0,280.04,0.73,646.81,1912.34,0,0,0,CA_Other
6,Califor,69,4,San Benito County,0,2010,55.269,1.6,0,0,5.88,0.18,7.09,0.61,7.66,47.7,20.79,0,0,52.56,0,73.35,0.5,0,0,4.11,0,4.61,0,0,0,0,0,0,22.89,0,0,62.55,0.18,85.62,0,0,0,0,CA_Other
6,Califor,75,4,San Francisco Cou,0,2010,805.235,80.78,0,0,1.5,0,82.28,2.1,82.28,805.24,0.3,0,0,0.44,0,0.74,0.01,0,0,0.05,0,0.06,0,0,10.41,0,0,10.41,81.09,0,10.41,1.99,0,93.49,431.81,10.41,431.81,10.41,CA_Other
6,Califor,77,4,San Joaquin Count,0,2010,685.306,71.42,0,0,48.23,1.47,116.28,4.52,121.12,616.05,1122.6,0,0,471.97,0,1594.57,0,0,0,24.18,0.11,24.29,0,0,0,1.53,0,1.53,1194.02,0,0,545.91,1.58,1741.51,475.05,0,0,0,CA_Other
6,Califor,79,4,San Luis Obispo C,0,2010,269.637,13,0,0,23.39,0.2,35.02,0.16,36.59,233.69,10.61,0,0,156.95,0,167.56,0,0,0,4.74,0,4.74,0,0,2366.99,0,0,2366.99,23.61,0,2366.99,185.08,0.2,2575.88,18519.53,2366.99,18519.53,2366.99,CA_Other
6,Califor,81,4,San Mateo County,0,2010,718.451,77.89,0,0,6.72,4.8,88.16,2.37,89.41,702.05,3.26,0,0,4.86,0,8.12,0,0,0,0.35,0,0.35,0,0,0,0,0,0,81.15,0,0,11.93,4.8,97.88,0,0,0,0,CA_Other
6,Califor,83,4,Santa Barbara Cou,0,2010,423.895,47.77,0,0,26.65,1.32,72.76,0.71,75.74,384.03,6.28,0,0,171.42,0,177.7,0,0,0.01,12.12,0,12.13,0,0,0,0,0,0,54.05,0,0.01,210.19,1.32,265.57,0,0,0,0,CA_Other
6,Califor,85,4,Santa Clara Count,0,2010,1781.642,153.56,0,0,95.01,14.2,257.53,10.1,262.77,1711.82,3.75,0,0,32.53,0,36.28,0.06,0,0,12.9,4.69,17.65,0,0,0,0.16,0,0.16,157.37,0,0,140.6,18.89,316.86,1129.07,0,0,0,CA_Other
6,Califor,87,4,Santa Cruz County,0,2010,262.382,11.17,0,0,14.86,0.78,25.35,1.06,26.81,242.93,0.38,0,0,32.87,0,33.25,0.02,0,0,7.08,0,7.1,0,0,0,0,0,0,11.57,0,0,54.81,0.78,67.16,0,0,0,0,CA_Other
6,Califor,89,4,Shasta County,0,2010,177.223,35.67,0,0,14.27,0,48.87,1.21,49.94,162.96,126.73,0,0,24.17,0,150.9,0.09,0,0,15.75,0,15.84,0.03,0,0,2.03,0,2.06,162.52,0,0,56.22,0,218.74,686.39,0,0,0,CA_Other
6,Califor,91,4,Sierra County,0,2010,3.24,0.14,0,0,0.6,0,0.71,0,0.74,2.83,25.33,0,0,12.51,0,37.84,0,0,0,0.45,0,0.45,0,0,0,0,0,0,25.47,0,0,13.56,0,39.03,0,0,0,0,CA_Other
6,Califor,93,4,Siskiyou County,0,2010,44.9,3.09,0,0,4.97,0,6.84,0.08,8.06,28.58,258.17,0,0,142.49,0,400.66,0.01,0,0,2.34,0,2.35,0,0,0,0,0,0,261.27,0,0,149.8,0,411.07,0,0,0,0,CA_Other
6,Califor,95,4,Solano County,0,2010,413.344,53.09,0,0,10.59,0,63.3,2.6,63.68,408.29,172.17,0,0,210.68,0,382.85,0,0,0,6.24,0,6.24,0,0,0,0,0,0,225.26,0,0,227.51,0,452.77,0,0,0,0,CA_Other
6,Califor,97,4,Sonoma County,0,2010,483.878,33.54,0,0,20.89,3.69,52.35,1.07,58.12,406.93,61.29,0,0,96.92,3.59,161.8,0.05,0,0,15.07,0.11,15.23,0,0,0,31.78,0,31.78,94.88,0,0,164.66,7.39,266.93,5648.3,0,0,0,CA_Other
6,Califor,99,4,Stanislaus County,0,2010,514.453,27.74,0,0,78.94,8.46,112.1,6.39,115.14,474.01,1171.16,0,0,347.21,0,1518.37,0.06,0,0,16.44,1.04,17.54,0,0,0,0.55,0,0.55,1198.96,0,0,443.14,9.5,1651.6,813.98,0,0,0,CA_Other
6,Califor,101,4,Sutter County,0,2010,94.737,15.22,0,0,3.38,0.12,18.21,1.76,18.72,87.98,462.04,0,0,232.32,0,694.36,0,0,0,8.92,0.12,9.04,0,0,0,0.02,0,0.02,477.26,0,0,244.64,0.24,722.14,24.21,0,0,0,CA_Other
6,Califor,103,4,Tehama County,0,2010,63.463,0.65,0,0,11.17,0,9.71,0.53,11.82,35.37,647.35,0,0,163.39,0,810.74,0.05,0,0,2.15,0,2.2,0,0,0,0,0,0,648.05,0,0,176.71,0,824.76,0,0,0,0,CA_Other
6,Califor,105,4,Trinity County,0,2010,13.786,1.48,0,0,0.61,0,1.61,0,2.09,7.46,15.6,0,0,4.08,0,19.68,0.03,0,0,0.73,0,0.76,0,0,0,0,0,0,17.11,0,0,5.42,0,22.53,0,0,0,0,CA_Other
6,Califor,107,4,Tulare County,0,2010,442.179,3.71,0,0,80.49,7.69,86.85,3.02,91.89,374.94,1291.24,0,0,1208.13,0,2499.37,0,0,0,16.71,0,16.71,0,0,0,0,0,0,1294.95,0,0,1305.33,7.69,2607.97,0,0,0,0,CA_Other
6,Califor,109,4,Tuolumne County,0,2010,55.365,15.39,0,0,1.49,1.65,18.34,0,18.53,48.78,16.34,0,0,0.78,0,17.12,0.08,0,0,1.61,0,1.69,0,0,0,0.06,0,0.06,31.81,0,0,3.94,1.65,37.4,0,0,0,0,CA_Other
6,Califor,113,4,Yolo County,0,2010,200.849,11.74,0,0,28.9,1.84,41.4,0.26,42.48,186.31,366.44,0,0,371.56,0,738,0.16,0,0,1.42,0,1.58,0,0,0,0,0,0,378.34,0,0,401.88,1.84,782.06,175.8,0,0,0,CA_Other
6,Califor,115,4,Yuba County,0,2010,72.155,0.47,0,0,10.92,0.01,10.54,0.01,11.4,60.69,189.9,0,0,51.1,0,241,1.06,0,0.01,8.27,0,9.34,0,0,0,0,0,0,191.43,0,0.01,70.29,0.01,261.74,0,0,0,0,CA_Other
32,Nevada,3,5,Clark County,0,2010,1951.269,386.79,0,0,67.31,0,439.43,0,454.1,1877.94,4.43,0,0,10.04,2.21,16.68,7.19,0,0,2.89,0,10.08,3.04,0,0,4.95,0,7.99,401.45,0,0,85.19,2.21,488.85,3579.67,0,0,0,NV_LasVegas
32,Nevada,17,6,Lincoln County,0,2010,5.345,0,0,0,1.23,0,0.97,0,1.23,4.06,2.33,0,0,50.3,0.02,52.65,0,0,0,0.25,0,0.25,0,0,0,0,0,0,2.33,0,0,51.78,0.02,54.13,0,0,0,0,NV_Basin
32,Nevada,23,6,Nye County,0,2010,43.946,0,0,0,10.04,0,4.88,0,10.04,18.15,0.8,0,0,21.37,0.9,23.07,0,0,0,31.71,0,31.71,0,0,0,0,0,0,0.8,0,0,63.12,0.9,64.82,0,0,0,0,NV_Basin
32,Nevada,33,6,White Pine County,0,2010,10.03,0,0,0,2.28,0,1.99,0,2.28,8.2,24.49,0,0,57.84,0.42,82.75,0.33,0,0,34.85,0,35.18,0,0,0,0,0,0,24.82,0,0,94.97,0.42,120.21,0,0,0,0,NV_Basin
32,Nevada,1,7,Churchill County,0,2010,24.877,0,0,0,4.66,0,3.11,0,4.66,15.12,172.84,0,0,4.13,0,176.97,0,0,0,0.21,0,0.21,0,0,0,9.92,0,9.92,172.84,0,0,18.92,0,191.76,581.55,0,0,0,NV_Other
32,Nevada,5,7,Douglas County,0,2010,46.997,0.91,0,0,11.13,0,11.41,0,12.04,43.68,88.1,0,0,10.24,0,98.34,0,0,0,0.14,0,0.14,0,0,0,0,0,0,89.01,0,0,21.51,0,110.52,0,0,0,0,NV_Other
32,Nevada,7,7,Elko County,0,2010,48.818,0,0,0,14.84,0,13.34,0,14.84,39.47,318.16,0,0,22.61,0,340.77,0.05,0,0,1.39,0,1.44,0,0,0,0,0,0,318.21,0,0,38.84,0,357.05,0,0,0,0,NV_Other
32,Nevada,9,7,Esmeralda County,0,2010,0.783,0,0,0,0.14,0,0.09,0,0.14,0.49,0,0,0,25.65,0,25.65,0,0,0,0.01,0,0.01,0,0,0,0,0,0,0,0,0,25.8,0,25.8,0,0,0,0,NV_Other
32,Nevada,11,7,Eureka County,0,2010,1.987,0,0,0,0.49,0,0.32,0,0.49,0.9,1.97,0,0,107.65,0,109.62,0.12,0,0,193.78,0,193.9,0,0,0,2.14,0,2.14,2.09,0,0,304.06,0,306.15,1416.4,0,0,0,NV_Other
32,Nevada,13,7,Humboldt County,0,2010,16.528,0,0,0,4.49,0,3.71,0,4.49,11.67,45.66,0,0,212.12,0,257.78,0,0,0,13.04,0,13.04,0,0,0,7.08,0,7.08,45.66,0,0,236.73,0,282.39,2863.72,0,0,0,NV_Other
32,Nevada,15,7,Lander County,0,2010,5.775,0,0,0,1.29,0,0.97,0,1.29,3.65,6.73,0,0,93.33,0,100.06,0.74,0,0,61.29,0,62.03,0,0,0,0.58,0,0.58,7.47,0,0,156.49,0,163.96,108.17,0,0,0,NV_Other
32,Nevada,19,7,Lyon County,0,2010,51.98,0,0,0,10.19,0,8.02,0,10.19,38.44,191.57,0,0,11.66,0,203.23,0.19,0,0,0.18,0,0.37,0,0,0,3.39,0,3.39,191.76,0,0,25.42,0,217.18,147.1,0,0,0,NV_Other
32,Nevada,21,7,Mineral County,0,2010,4.772,0,0,0,1.45,0,1.43,0,1.45,4.67,0,0,0,1.64,0,1.64,0,0,0,0.05,0,0.05,0,0,0,0,0,0,0,0,0,3.14,0,3.14,0,0,0,0,NV_Other
32,Nevada,27,7,Pershing County,0,2010,6.753,0,0,0,1.58,0,1.42,0,1.58,5.77,58.99,0,0,22.02,0,81.01,0,0,0,0.21,0,0.21,0,0,0,0,0,0,58.99,0,0,23.81,0,82.8,0,0,0,0,NV_Other
32,Nevada,29,7,Storey County,0,2010,4.01,0,0,0,0.44,0,0.4,0,0.44,3.79,0.34,0,0,0,0,0.34,0.02,0,0,0.14,0,0.16,0.64,0,0,0.39,0,1.03,1,0,0,0.97,0,1.97,1270.03,0,0,0,NV_Other
32,Nevada,31,7,Washoe County,0,2010,421.407,58.77,0,0,20.87,0,77.61,0,79.64,411.37,38.01,0,0,7.43,0,45.44,0,0,0,2.78,0,2.78,0,0,0,0.43,0,0.43,96.78,0,0,31.51,0,128.29,21.66,0,0,0,NV_Other
32,Nevada,510,7,Carson City City,0,2010,55.274,1.33,0,0,10.39,0,11.71,0,11.72,55.2,5.16,0,0,0.04,0,5.2,0,0,0,0.07,0,0.07,0,0,0,0,0,0,6.49,0,0,10.5,0,16.99,0,0,0,0,NV_Other
4,Arizona,13,8,Maricopa County,0,2010,3817.354,581.82,0,0,230.34,0,805.74,0,812.16,3774.91,303.88,0,0,798.11,100.65,1202.64,0,0,0,10.16,0,10.16,4.08,0,0,25.19,0,29.27,889.78,0,0,1063.8,100.65,2054.23,40663.19,0,0,0,AZ_Central
4,Arizona,19,8,Pima County,0,2010,980.263,5.4,0,0,165.05,0,168.08,0,170.45,959.58,30.53,0,0,70.62,10.53,111.68,0,0,0,31.92,0,31.92,0,0,0,1.91,0,1.91,35.93,0,0,269.5,10.53,315.96,848.11,0,0,0,AZ_Central
4,Arizona,21,8,Pinal County,0,2010,375.826,8.84,0,0,55.25,0,62.31,0,64.09,363.26,799.64,0,0,263.78,2.03,1065.45,0,0,0,1.46,0,1.46,0.97,0,0,0.14,0,1.11,809.45,0,0,320.63,2.03,1132.11,458.72,0,0,0,AZ_Central
4,Arizona,12,9,La Paz County,0,2010,20.489,0.43,0,0,3.95,0,3.46,0,4.38,14.72,612.63,0,0,51.83,0,664.46,0,0,0,0,0,0,0,0,0,0,0,0,613.06,0,0,55.78,0,668.84,0,0,0,0,AZ_West
4,Arizona,15,9,Mohave County,0,2010,200.209,0,0,0,44.2,0,42.98,0,44.2,191.94,53.76,0,0,20.16,2.75,76.67,0,0,0,0.07,0,0.07,0,0,0,2.92,0,2.92,53.76,0,0,67.35,2.75,123.86,1094.2,0,0,0,AZ_West
4,Arizona,27,9,Yuma County,0,2010,195.751,22.58,0,0,12.13,0,33.3,0,34.71,185.81,955.05,0,0,170.55,1.18,1126.78,0,0,0,0.33,0,0.33,0.71,0,0,0,0,0.71,978.34,0,0,183.01,1.18,1162.53,383.55,0,0,0,AZ_West
4,Arizona,1,10,Apache County,0,2010,71.518,0,0,0,7.28,0,5.33,0,7.28,48.9,7.02,0,0,1.19,0,8.21,0,0,0,0,0,0,0,0,0,27.53,0,27.53,7.02,0,0,36,0,43.02,17367.85,0,0,0,AZ_Other
4,Arizona,3,10,Cochise County,0,2010,131.346,0.03,0,0,18.44,0,15.73,0,18.47,107.55,0,0,0,215.41,0.58,215.99,0,0,0,0.09,0,0.09,0,0,0,4.43,0,4.43,0.03,0,0,238.37,0.58,238.98,2145.18,0,0,0,AZ_Other
4,Arizona,5,10,Coconino County,0,2010,134.421,9.24,0,0,13.77,0,21.7,0,23.01,122.36,0.05,0,0,0.83,2.24,3.12,0,0,0,0.03,0,0.03,21.38,0,0,0,0,21.38,30.67,0,0,14.63,2.24,47.54,16429.59,0,0,0,AZ_Other
4,Arizona,7,10,Gila County,0,2010,53.597,0.01,0,0,7.2,0,6.2,0,7.21,44.9,0.44,0,0,2.31,0,2.75,0,0,0,19.9,0,19.9,0,0,0,0,0,0,0.45,0,0,29.41,0,29.86,0,0,0,0,AZ_Other
4,Arizona,9,10,Graham County,0,2010,37.22,0,0,0,5.63,0,4.57,0,5.63,30.21,80.43,0,0,87.75,0,168.18,0,0,0,2.4,0,2.4,0,0,0,0,0,0,80.43,0,0,95.78,0,176.21,0,0,0,0,AZ_Other
4,Arizona,11,10,Greenlee County,0,2010,8.437,0,0,0,2.05,0,1.78,0,2.05,7.09,12.96,0,0,7.5,0,20.46,0,0,0,3.38,0,3.38,0,0,0,0,0,0,12.96,0,0,12.93,0,25.89,0,0,0,0,AZ_Other
4,Arizona,17,10,Navajo County,0,2010,107.449,0,0,0,14.69,0,13.42,0,14.69,93.84,7.9,0,0,8.9,8.23,25.03,0,0,0,9.97,0,9.97,0,0,0,15.16,0,15.16,7.9,0,0,48.72,8.23,64.85,7279.32,0,0,0,AZ_Other
4,Arizona,23,10,Santa Cruz County,0,2010,47.42,0,0,0,6.74,0,5.95,0,6.74,42.46,0,0,0,10.56,0.05,10.61,0,0,0,0.14,0,0.14,0,0,0,0,0,0,0,0,0,17.44,0.05,17.49,0,0,0,0,AZ_Other
4,Arizona,25,10,Yavapai County,0,2010,211.033,0,0,0,25.53,0,22.87,0,25.53,186.64,18.96,0,0,11.35,0.59,30.9,0,0,0,19.68,0,19.68,0,0,0,0,0,0,18.96,0,0,56.56,0.59,76.11,0,0,0,0,AZ_Other
49,Utah,11,11,Davis County,0,2010,306.479,23.45,0,0,18.43,0,41.57,0,41.88,304.64,37.11,0,0,3.24,0.62,40.97,0,0,0,1.82,0,1.82,0,0,0,0,0,0,60.56,0,0,23.49,0.62,84.67,0,0,0,0,UT_Urban
49,Utah,23,11,Juab County,0,2010,10.246,0,0,0,5.1,0,4.97,0,5.1,9.46,28.23,0,0,22.63,0,50.86,0,0,0,0.1,0,0.1,0,0,0,0.07,0,0.07,28.23,0,0,27.9,0,56.13,2538.3,0,0,0,UT_Urban
49,Utah,29,11,Morgan County,0,2010,9.469,0,0,0,1.78,0,1.45,0,1.78,7.49,33.89,0,0,0.21,0,34.1,0,0,0,0.12,0,0.12,0,0,0,0,0,0,33.89,0,0,2.11,0,36,0,0,0,0,UT_Urban
49,Utah,35,11,Salt Lake County,0,2010,1029.655,223.77,0,0,72.29,0,295.7,0,296.06,1027.48,45.73,0,0,3.25,0.6,49.58,0,0,33.1,28.69,0,61.79,0,0,0.47,3.51,0,3.98,269.5,0,33.57,107.74,0.6,411.41,1559,0,182.9,0,UT_Urban
49,Utah,49,11,Utah County,0,2010,516.564,21.87,0,0,80.43,0,101.89,0,102.3,514.13,209.37,0,0,38.05,0.83,248.25,0,0,0,14.09,0,14.09,0,0,0,2.29,0.51,2.8,231.24,0,0,134.86,1.34,367.44,1133.53,0,0,0,UT_Urban
49,Utah,7,12,Carbon County,0,2010,21.403,3.13,0,0,3.1,0,6.18,0,6.23,21.08,31.65,0,0,0.12,0,31.77,0.02,0,0,0.25,0,0.27,2.31,0,0,0.7,0,3.01,37.11,0,0,4.17,0,41.28,1673.7,0,0,0,UT_Basin
49,Utah,9,12,Daggett County,0,2010,1.059,0.08,0,0,0.82,0,0.82,0,0.9,0.6,18.02,0,0,0.09,0,18.11,0,0,0,0,0,0,0,0,0,0,0,0,18.1,0,0,0.91,0,19.01,0,0,0,0,UT_Basin
49,Utah,13,12,Duchesne County,0,2010,18.607,2.24,0,0,2.78,0,4.68,0,5.02,16.57,320.78,0,0,0.96,0.5,322.24,0.73,0,0,0.76,0,1.49,0,0,0,0,0,0,323.75,0,0,4.5,0.5,328.75,0,0,0,0,UT_Basin
49,Utah,15,12,Emery County,0,2010,10.976,1.09,0,0,0.99,0,2.01,0,2.08,10.58,101.6,0,0,0.1,0,101.7,0,0,0,1.41,0,1.41,25.36,0,0,0,0,25.36,128.05,0,0,2.5,0,130.55,14893.4,0,0,0,UT_Basin
49,Utah,17,12,Garfield County,0,2010,5.172,0,0,0,1.02,0,0.86,0,1.02,4.24,59.25,0,0,3.08,0,62.33,0,0,0,1.18,0,1.18,0,0,0,0,0,0,59.25,0,0,5.28,0,64.53,0,0,0,0,UT_Basin
49,Utah,19,12,Grand County,0,2010,9.225,0,0,0,3.4,0,3.31,0,3.4,8.71,11.96,0,0,0.45,0,12.41,1.32,0,0,0,0,1.32,0,0,0,0,0,0,13.28,0,0,3.85,0,17.13,0,0,0,0,UT_Basin
49,Utah,25,12,Kane County,0,2010,7.125,0,0,0,2.95,0,2.92,0,2.95,6.97,13.56,0,0,1.06,0,14.62,0,0,0,0,0,0,0,0,0,0,0,0,13.56,0,0,4.01,0,17.57,0,0,0,0,UT_Basin
49,Utah,37,12,San Juan County,0,2010,14.746,1.36,0,0,2.12,0,2.25,0,3.48,7.38,20.07,0,0,0.91,0.2,21.18,0,0,0,4.67,0,4.67,0,0,0,0,0,0,21.43,0,0,7.7,0.2,29.33,0,0,0,0,UT_Basin
49,Utah,39,12,Sanpete County,0,2010,27.822,0,0,0,4.16,0,3.62,0,4.16,24.56,163.25,0,0,13.56,0,176.81,0,0,0,0.76,0,0.76,0,0,0,0,0,0,163.25,0,0,18.48,0,181.73,0,0,0,0,UT_Basin
49,Utah,41,12,Sevier County,0,2010,20.802,0,0,0,5.42,0,4.97,0,5.42,18.13,115.9,0,0,22.49,0,138.39,0,0,0,0.06,0,0.06,0,0,0,0,0,0,115.9,0,0,27.97,0,143.87,0,0,0,0,UT_Basin
49,Utah,43,12,Summit County,0,2010,36.324,0.05,0,0,11.82,0,11.69,0,11.87,35.23,54.71,0,0,4.34,0.25,59.3,0,0,0,0,0,0,0,0,0,0,0,0,54.76,0,0,16.16,0.25,71.17,0,0,0,0,UT_Basin
49,Utah,47,12,Uintah County,0,2010,32.588,1.04,0,0,7.33,0,8.16,0,8.37,31.35,227.14,0,0,26.38,0,253.52,0,0,0,5.45,0,5.45,0,0,0,7.26,0,7.26,228.18,0,0,46.42,0,274.6,3606,0,0,0,UT_Basin
49,Utah,51,12,Wasatch County,0,2010,23.53,0.11,0,0,8.4,0,8.34,0,8.51,22.49,43.35,0,0,4.39,1.7,49.44,0,0,0,0.02,0,0.02,0,0,0,0,0,0,43.46,0,0,12.81,1.7,57.97,0,0,0,0,UT_Basin
49,Utah,53,12,Washington Count,0,2010,138.115,14.46,0,0,29.82,0,44.25,0,44.28,137.92,70.28,0,0,7.57,3.19,81.04,0,0,0,0.1,0,0.1,0,0,0,0,0,0,84.74,0,0,37.49,3.19,125.42,0,0,0,0,UT_Basin
49,Utah,55,12,Wayne County,0,2010,2.778,0,0,0,0.85,0,0.79,0,0.85,2.44,44.71,0,0,24.26,0,68.97,0,0,0,0,0,0,0,0,0,0,0,0,44.71,0,0,25.11,0,69.82,0,0,0,0,UT_Basin
49,Utah,1,13,Beaver County,0,2010,6.629,0,0,0,2.57,0,2.38,0,2.57,5.52,34.26,0,0,46.3,0,80.56,0,0,0,0.81,0,0.81,0.01,0,0,17.3,0,17.31,34.27,0,0,66.98,0,101.25,322.73,0,0,0,UT_Other
49,Utah,3,13,Box Elder County,0,2010,49.975,0,0,0,16.24,0,15.89,0,16.24,47.89,339.4,0,0,48.73,0,388.13,0,0,0,0.9,0,0.9,0,0,0,0,0,0,339.4,0,0,65.87,0,405.27,0,0,0,0,UT_Other
49,Utah,5,13,Cache County,0,2010,112.656,0.36,0,0,33.96,0,33.47,0,34.32,107.58,223.8,0,0,30.86,0,254.66,0,0,0,0.51,0,0.51,0,0,0,0,0,0,224.16,0,0,65.33,0,289.49,0,0,0,0,UT_Other
49,Utah,21,13,Iron County,0,2010,46.163,0,0,0,10.26,0,9.79,0,10.26,43.33,67.09,0,0,129.09,2.1,198.28,0,0,0,3.65,0,3.65,0,0,0,0,0,0,67.09,0,0,143,2.1,212.19,0,0,0,0,UT_Other
49,Utah,27,13,Millard County,0,2010,12.503,0,0,0,3.92,0,3.51,0,3.92,10.02,124.2,0,0,140.76,0,264.96,0,0,0,0.92,0,0.92,17.9,0,0,3.38,0,21.28,142.1,0,0,148.98,0,291.08,13079.5,0,0,0,UT_Other
49,Utah,31,13,Piute County,0,2010,1.556,0,0,0,1.69,0,1.66,0,1.69,1.38,42.76,0,0,2.12,0,44.88,0,0,0,0,0,0,0,0,0,0,0,0,42.76,0,0,3.81,0,46.57,0,0,0,0,UT_Other
49,Utah,33,13,Rich County,0,2010,2.264,0,0,0,1.5,0,1.4,0,1.5,1.66,141.18,0,0,1.21,0,142.39,0,0,0,0,0,0,0,0,0,0,0,0,141.18,0,0,2.71,0,143.89,0,0,0,0,UT_Other
49,Utah,45,13,Tooele County,0,2010,58.218,0.83,0,0,15.11,0,15.37,0,15.94,54.78,41.4,0,0,17.29,1.6,60.29,0,0,64.88,46.44,0,111.32,0,0,0,0,0,0,42.23,0,64.88,78.84,1.6,187.55,0,0,0,0,UT_Other
49,Utah,57,13,Weber County,0,2010,231.236,15,0,0,24.34,0,39.1,0,39.34,229.79,69.71,0,0,5.34,0,75.05,15.93,0,139.76,0.16,0,155.85,0,0,0,0,0,0,100.64,0,139.76,29.84,0,270.24,100.8,0,0,0,UT_Other
56,Wyoming,37,14,Sweetwater County,0,2010,43.806,9.59,0,0,0.33,0,9.89,0,9.92,43.34,91.28,0,0,10.85,0,102.13,0.78,0,0,31.81,0,32.59,24.4,0,0,0,0,24.4,126.05,0,0,42.99,0,169.04,14828.91,0,0,0,WY_Urban
56,Wyoming,7,15,Carbon County,0,2010,15.885,1.34,0,0,2.3,0,3.45,0,3.64,13.39,369.58,0,0,1.5,0,371.08,0.02,0,0,0.22,0,0.24,0,0,0,0,0,0,370.94,0,0,4.02,0,374.96,0,0,0,0,WY_Basin
56,Wyoming,23,15,Lincoln County,0,2010,18.106,0.75,0,0,3.44,0,3.88,0,4.19,13.91,186.88,0,0,3.38,0,190.26,0.15,0,0,0.82,0,0.97,8.86,0,0,0,0,8.86,196.64,0,0,7.64,0,204.28,5339.39,0,0,0,WY_Basin
56,Wyoming,35,15,Sublette County,0,2010,10.247,1.33,0,0,1.41,0,2.28,0,2.74,4.14,146.18,0,0,17.1,0,163.28,0,0,0,0.64,0,0.64,0,0,0,0,0,0,147.51,0,0,19.15,0,166.66,0,0,0,0,WY_Basin
56,Wyoming,41,15,Uinta County,0,2010,21.118,3.94,0,0,0.76,0,4.33,0,4.7,16.21,190.42,0,0,22.39,0,212.81,0.06,0,0,0.29,0,0.35,0,0,0,0,0,0,194.42,0,0,23.44,0,217.86,0,0,0,0,WY_Basin
56,Wyoming,1,16,Albany County,0,2010,36.299,2.68,0,0,3.31,0,5.49,0,5.99,29.67,182.16,0,0,0.25,0,182.41,0.02,0,0,0.13,0,0.15,0,0,0,0,0,0,184.86,0,0,3.69,0,188.55,0,0,0,0,WY_Other
56,Wyoming,3,16,Big Horn County,0,2010,11.668,0.47,0,0,1.77,0,2.02,0,2.24,8.74,382.38,0,0,2.13,0,384.51,0.3,0,0,5.74,0,6.04,0,0,0,0,0,0,383.15,0,0,9.64,0,392.79,0,0,0,0,WY_Other
56,Wyoming,5,16,Campbell County,0,2010,46.133,0,0,0,11.1,0,11.05,0,11.1,45.43,42.51,0,0,1.87,0,44.38,10.77,0,0,53.33,0,64.1,0,0,0,1.84,0,1.84,53.28,0,0,68.14,0,121.42,2170.15,0,0,0,WY_Other
56,Wyoming,9,16,Converse County,0,2010,13.833,0.09,0,0,2.41,0,2.12,0,2.5,8.7,135.17,0,0,3.21,0,138.38,1.28,0,0,5.53,0,6.81,8.4,0,0,0,0,8.4,144.94,0,0,11.15,0,156.09,4707.33,0,0,0,WY_Other
56,Wyoming,11,16,Crook County,0,2010,7.083,0,0,0,1.37,0,1.09,0,1.37,3.39,42.18,0,0,2.46,0,44.64,0.29,0,0,4.16,0,4.45,0,0,0,0,0,0,42.47,0,0,7.99,0,50.46,0,0,0,0,WY_Other
56,Wyoming,13,16,Fremont County,0,2010,40.123,3.87,0,0,3.13,0,5.82,0,7,24.42,502.3,0,0,0.25,0,502.55,0.05,0,0,0.4,0,0.45,0,0,0,0,0,0,506.22,0,0,3.78,0,510,0,0,0,0,WY_Other
56,Wyoming,15,16,Goshen County,0,2010,13.249,0,0,0,2.42,0,2,0,2.42,7.67,297.82,0,0,94.92,0,392.74,0.04,0,0,0,0,0.04,0,0,0,0,0,0,297.86,0,0,97.34,0,395.2,0,0,0,0,WY_Other
56,Wyoming,17,16,Hot Springs Count,0,2010,4.812,0.69,0,0,0.32,0,0.93,0,1.01,3.7,74.57,0,0,2.61,0,77.18,0.01,0,0,0.08,0,0.09,0,0,0,0,0,0,75.27,0,0,3.01,0,78.28,0,0,0,0,WY_Other
56,Wyoming,19,16,Johnson County,0,2010,8.569,1.09,0,0,0.39,0,1.19,0,1.48,4.68,115.72,0,0,0.57,0,116.29,0.02,0,0,0.45,0,0.47,0,0,0,0,0,0,116.83,0,0,1.41,0,118.24,0,0,0,0,WY_Other
56,Wyoming,21,16,Laramie County,0,2010,91.738,10.19,0,0,5.6,0,14.31,0,15.79,71.94,64.07,0,0,154.62,0,218.69,0.16,0,0,1.79,0,1.95,0,0,0,0,0,0,74.42,0,0,162.01,0,236.43,0,0,0,0,WY_Other
56,Wyoming,25,16,Natrona County,0,2010,75.45,3.61,0,0,7.86,0,10.87,0,11.47,67.44,159.09,0,0,0.14,0,159.23,0.09,0,0,1.5,0,1.59,0,0,0,0,0,0,162.79,0,0,9.5,0,172.29,0,0,0,0,WY_Other
56,Wyoming,27,16,Niobrara County,0,2010,2.484,0,0,0,0.73,0,0.66,0,0.73,1.6,6.58,0,0,61.59,0,68.17,0,0,0,0,0,0,0,0,0,0,0,0,6.58,0,0,62.32,0,68.9,0,0,0,0,WY_Other
56,Wyoming,29,16,Park County,0,2010,28.205,2.97,0,0,0.64,0,3.16,0,3.61,22.2,299.43,0,0,0.07,0,299.5,0.48,0,0,1.39,0,1.87,0,0,0,0,0,0,302.88,0,0,2.1,0,304.98,0,0,0,0,WY_Other
56,Wyoming,31,16,Platte County,0,2010,8.667,0,0,0,1.56,0,1.24,0,1.56,4.43,271.16,0,0,57.87,0,329.03,0.05,0,0,0.14,0,0.19,19.4,0,0,0,0,19.4,290.61,0,0,59.57,0,350.18,12468.16,0,0,0,WY_Other
56,Wyoming,33,16,Sheridan County,0,2010,29.116,4.79,0,0,0.3,0,4.79,0,5.09,25.07,192.78,0,0,0.17,0,192.95,0.04,0,0,0.13,0,0.17,0,0,0,0,0,0,197.61,0,0,0.6,0,198.21,0,0,0,0,WY_Other
56,Wyoming,39,16,Teton County,0,2010,21.294,0.11,0,0,5.3,0,5.21,0,5.41,18.62,25.59,0,0,0.01,0,25.6,0.06,0,0,0.15,0,0.21,0,0,0,0,0,0,25.76,0,0,5.46,0,31.22,0,0,0,0,WY_Other
56,Wyoming,43,16,Washakie County,0,2010,8.533,0,0,0,1.75,0,1.54,0,1.75,5.79,158.58,0,0,4.76,0,163.34,0.05,0,0,0.34,0,0.39,0,0,0,0,0,0,158.63,0,0,6.85,0,165.48,0,0,0,0,WY_Other
56,Wyoming,45,16,Weston County,0,2010,7.208,0,0,0,1.82,0,1.66,0,1.82,5.03,24.77,0,0,0.63,0,25.4,0.1,0,0,0.12,0,0.22,0,0,0,0.45,0,0.45,24.87,0,0,3.02,0,27.89,134.14,0,0,0,WY_Other
8,Colorad,1,17,Adams County,0,2010,441.603,64.97,0,0,13.19,0,77.15,0,78.16,429.4,129.43,0,0,16.3,0,145.73,0,0,0,0.13,0,0.13,6.9,0,0,0,0,6.9,201.3,0,0,29.62,0,230.92,4068,0,0,0,CO_FrontRange
8,Colorad,5,17,Arapahoe County,0,2010,572.003,137.81,0,0,32.32,0,168.55,0,170.13,564.54,14.82,0,0,2.01,0,16.83,0,0,0,0.04,0,0.04,0,0,0,0,0,0,152.63,0,0,34.37,0,187,0,0,0,0,CO_FrontRange
8,Colorad,13,17,Boulder County,0,2010,294.567,81.17,0,0,0.7,0,81.37,0,81.87,290.22,145.57,0,0,0.08,0,145.65,0,0,0,0.04,0,0.04,4.04,0,0,0,0,4.04,230.78,0,0,0.82,0,231.6,1044.44,0,0,0,CO_FrontRange
8,Colorad,14,17,Broomfield County,0,2010,55.889,5.01,0,0,0,0,5.01,0,5.01,55.89,1.39,0,0,0,0,1.39,0,0,0,0,0,0,0,0,0,0,0,0,6.4,0,0,0,0,6.4,0,0,0,0,CO_FrontRange
8,Colorad,31,17,Denver County,0,2010,600.158,141.83,0,0,0,0,141.83,0,141.83,600.16,4.92,0,0,0.4,0,5.32,0,0,0,0,0,0,2.37,0,0,0,0,2.37,149.12,0,0,0.4,0,149.52,645.74,0,3.63,0.04,CO_FrontRange
8,Colorad,39,17,Elbert County,0,2010,23.086,0,0,0,2.43,0,0.67,0,2.43,5.71,8.53,0,0,2.8,0,11.33,0,0,0,0.05,0,0.05,0,0,0,0,0,0,8.53,0,0,5.28,0,13.81,0,0,0,0,CO_FrontRange
8,Colorad,41,17,El Paso County,0,2010,622.263,66.54,0,0,15.53,0,78.54,0,82.07,590.39,25.71,0,0,5.95,0,31.66,0,0,0,0.07,0,0.07,0,0,0,2.31,0,2.31,92.25,0,0,23.86,0,116.11,3800.7,0,0,0,CO_FrontRange
8,Colorad,69,17,Larimer County,0,2010,299.63,25.17,0,0,0.47,0,25.56,0,25.64,297.09,382.67,0,0,1.04,0,383.71,0,0,0,0.53,0,0.53,0.89,0,0,0,0,0.89,408.73,0,0,2.04,0,410.77,2205.36,0,0,0,CO_FrontRange
8,Colorad,123,17,Weld County,0,2010,252.825,27.85,0,0,1.33,0,29,0,29.18,251.02,410.8,0,0,16.6,0,427.4,0,0,0,0.87,0,0.87,2.63,0,0,2,0,4.63,441.28,0,0,20.8,0,462.08,2434.68,0,0,0,CO_FrontRange
8,Colorad,3,18,Alamosa County,0,2010,15.445,0,0,0,2.59,0,1.72,0,2.59,9.02,33.86,0,0,115.68,0,149.54,0,0,0,0.02,0,0.02,0,0,0,0,0,0,33.86,0,0,118.29,0,152.15,0,0,0,0,CO_Basin
8,Colorad,7,18,Archuleta County,0,2010,12.084,1.94,0,0,1.16,0,2,0,3.1,7.66,56.09,0,0,0.02,0,56.11,0,0,0,0.06,0,0.06,0,0,0,0,0,0,58.03,0,0,1.24,0,59.27,0,0,0,0,CO_Basin
8,Colorad,29,18,Delta County,0,2010,30.952,2.52,0,0,4.07,0,4.47,0,6.59,22.18,352.08,0,0,0.43,0,352.51,0.28,0,0,0.13,0,0.41,0,0,0,0,0,0,354.88,0,0,4.63,0,359.51,0,0,0,0,CO_Basin
8,Colorad,33,18,Dolores County,0,2010,2.064,0.23,0,0,0.21,0,0.25,0,0.44,1,5.11,0,0,0,0,5.11,0,0,0,0.04,0,0.04,0,0,0,0,0,0,5.34,0,0,0.25,0,5.59,0,0,0,0,CO_Basin
8,Colorad,37,18,Eagle County,0,2010,52.197,6.3,0,0,4.76,0,10.7,0,11.06,49.59,126.63,0,0,0.03,0,126.66,0,0,0,0.17,0,0.17,0,0,0,0,0,0,132.93,0,0,4.96,0,137.89,0,0,0,0,CO_Basin
8,Colorad,45,18,Garfield County,0,2010,56.389,12.56,0,0,3.75,0,14.2,0,16.31,40.34,244.72,0,0,0.23,0,244.95,0,0,0,0.19,0,0.19,0,0,0,0,0,0,257.28,0,0,4.17,0,261.45,5.3,0,0,0,CO_Basin
8,Colorad,49,18,Grand County,0,2010,14.843,1.26,0,0,1.14,0,2.25,0,2.4,13.6,183.96,0,0,0.1,0,184.06,0,0,0,0.07,0,0.07,0,0,0,0,0,0,185.22,0,0,1.31,0,186.53,0,0,0,0,CO_Basin
8,Colorad,51,18,Gunnison County,0,2010,15.324,0.8,0,0,1.84,0,2.54,0,2.64,13.92,557.23,0,0,0.87,0,558.1,0.56,0,0,0.05,0,0.61,0,0,0,0,0,0,558.59,0,0,2.76,0,561.35,0,0,0,0,CO_Basin
8,Colorad,53,18,Hinsdale County,0,2010,0.843,0,0,0,0.76,0,0.61,0,0.76,0.41,29.13,0,0,0,0,29.13,0,0,0,0.01,0,0.01,0,0,0,0,0,0,29.13,0,0,0.77,0,29.9,0,0,0,0,CO_Basin
8,Colorad,67,18,La Plata County,0,2010,51.334,6.59,0,0,1.77,0,7.73,0,8.36,45.49,327.08,0,0,0.2,0,327.28,0.2,0,0,0.8,0,1,0,0,0,0,0,0,333.87,0,0,2.77,0,336.64,0,0,0,0,CO_Basin
8,Colorad,77,18,Mesa County,0,2010,146.723,10.54,0,0,0.75,0,10.66,0,11.29,137.6,742.49,0,0,0.33,0,742.82,0.4,0,0,0.18,0,0.58,0.04,0,0,0,0,0.04,753.47,0,0,1.26,0,754.73,359.78,0,359.78,0.04,CO_Basin
8,Colorad,79,18,Mineral County,0,2010,0.712,0,0,0,0.19,0,0.17,0,0.19,0.59,17.77,0,0,0,0,17.77,0,0,0,0.01,0,0.01,0,0,0,0,0,0,17.77,0,0,0.2,0,17.97,0,0,0,0,CO_Basin
8,Colorad,81,18,Moffat County,0,2010,13.795,1.79,0,0,0.72,0,2.09,0,2.51,10.25,151.67,0,0,0.83,0,152.5,0.96,0,0,0.83,0,1.79,13.32,0,0,0,0,13.32,167.74,0,0,2.38,0,170.12,9752.41,0,0,0,CO_Basin
8,Colorad,83,18,Montezuma County,0,2010,25.535,4.57,0,0,0.66,0,4.67,0,5.23,19.82,249.77,0,0,0.03,0,249.8,0,0,0,0.05,0,0.05,0,0,0,0,0,0,254.34,0,0,0.74,0,255.08,0,0,0,0,CO_Basin
8,Colorad,85,18,Montrose County,0,2010,41.276,9.32,0,0,0.9,0,9.55,0,10.22,37.58,690.6,0,0,0.36,0,690.96,0.01,0,0,0.11,0,0.12,1.56,0,0,0,0,1.56,701.49,0,0,1.37,0,702.86,480.53,0,0,0,CO_Basin
8,Colorad,91,18,Ouray County,0,2010,4.436,2.66,0,0,0.65,0,3.03,0,3.31,3.27,106.9,0,0,0.01,0,106.91,0,0,0,0,0,0,0,0,0,0,0,0,109.56,0,0,0.66,0,110.22,0,0,0,0,CO_Basin
8,Colorad,97,18,Pitkin County,0,2010,17.148,5.68,0,0,1.3,0,6.09,0,6.98,12.32,116.37,0,0,0,0,116.37,0,0,0,0.01,0,0.01,0,0,0,0,0,0,122.05,0,0,1.31,0,123.36,0,0,0,0,CO_Basin
8,Colorad,103,18,Rio Blanco County,0,2010,6.666,1.12,0,0,1.31,0,1.9,0,2.43,4.49,251.6,0,0,0.11,0,251.71,0.32,0,0,12.19,0,12.51,0,0,0,0,0,0,253.04,0,0,13.61,0,266.65,0,0,0,0,CO_Basin
8,Colorad,107,18,Routt County,0,2010,23.509,2.74,0,0,0.73,0,3.33,0,3.47,22.16,194.15,0,0,0.07,0,194.22,0.82,0,0,0.43,0,1.25,5.03,0,0,0,0,5.03,202.74,0,0,1.23,0,203.97,3513.67,0,0,0,CO_Basin
8,Colorad,109,18,Saguache County,0,2010,6.108,0,0,0,1.15,0,0.91,0,1.15,4.61,113.84,0,0,155.88,0,269.72,0,0,0,0.05,0,0.05,0,0,0,0,0,0,113.84,0,0,157.08,0,270.92,0,0,0,0,CO_Basin
8,Colorad,111,18,San Juan County,0,2010,0.699,0.2,0,0,0.01,0,0.2,0,0.21,0.64,1.08,0,0,0,0,1.08,0,0,0,0.01,0,0.01,0,0,0,0,0,0,1.28,0,0,0.02,0,1.3,0,0,0,0,CO_Basin
8,Colorad,113,18,San Miguel County,0,2010,7.359,0.33,0,0,0.71,0,0.78,0,1.04,4.98,36.84,0,0,0.04,0,36.88,0,0,0,0.02,0,0.02,0,0,0,0,0,0,37.17,0,0,0.77,0,37.94,0,0,0,0,CO_Basin
8,Colorad,117,18,Summit County,0,2010,27.994,5.1,0,0,2.93,0,7.32,0,8.03,24.7,60.61,0,0,0.05,0,60.66,0,0,0,0.01,0,0.01,0,0,0,0,0,0,65.71,0,0,2.99,0,68.7,0,0,0,0,CO_Basin
8,Colorad,9,19,Baca County,0,2010,3.788,0,0,0,0.74,0,0.62,0,0.74,2.4,0.1,0,0,97.37,0,97.47,0,0,0,0.3,0,0.3,0,0,0,0,0,0,0.1,0,0,98.41,0,98.51,0,0,0,0,CO_Other
8,Colorad,11,19,Bent County,0,2010,6.499,0,0,0,1.08,0,0.86,0,1.08,3.91,135.91,0,0,15.37,0,151.28,0,0,0,0.07,0,0.07,0,0,0,0,0,0,135.91,0,0,16.52,0,152.43,0,0,0,0,CO_Other
8,Colorad,15,19,Chaffee County,0,2010,17.809,1.64,0,0,2.2,0,3.32,0,3.84,12.64,97.8,0,0,0.04,0,97.84,0,0,0,0.12,0,0.12,0,0,0,0,0,0,99.44,0,0,2.36,0,101.8,0,0,0,0,CO_Other
8,Colorad,17,19,Cheyenne County,0,2010,1.836,0,0,0,0.42,0,0.28,0,0.42,1.17,3.3,0,0,33.01,0,36.31,0,0,0,0.38,0,0.38,0,0,0,0,0,0,3.3,0,0,33.81,0,37.11,0,0,0,0,CO_Other
8,Colorad,19,19,Clear Creek Count,0,2010,9.088,1.16,0,0,0.49,0,1.34,0,1.65,6.14,0.17,0,0,0,0,0.17,0,0,0,0,0,0,0,0,0,0,0,0,1.33,0,0,0.49,0,1.82,0,0,0,0,CO_Other
8,Colorad,21,19,Conejos County,0,2010,8.256,0,0,0,3.26,0,2.25,0,3.26,4.66,315.2,0,0,51.74,0,366.94,0.02,0,0,0.02,0,0.04,0,0,0,0,0,0,315.22,0,0,55.02,0,370.24,0,0,0,0,CO_Other
8,Colorad,23,19,Costilla County,0,2010,3.524,0,0,0,0.63,0,0.44,0,0.63,2.19,105.42,0,0,33.06,0,138.48,0,0,0,0.03,0,0.03,0,0,0,0,0,0,105.42,0,0,33.72,0,139.14,0,0,0,0,CO_Other
8,Colorad,25,19,Crowley County,0,2010,5.823,0,0,0,1.01,0,0.88,0,1.01,4.22,8.69,0,0,4.01,0,12.7,0,0,0,0.02,0,0.02,0,0,0,0,0,0,8.69,0,0,5.04,0,13.73,0,0,0,0,CO_Other
8,Colorad,27,19,Custer County,0,2010,4.255,0,0,0,0.39,0,0.18,0,0.39,2,26.69,0,0,0.14,0,26.83,0,0,0,0.02,0,0.02,0,0,0,0,0,0,26.69,0,0,0.55,0,27.24,0,0,0,0,CO_Other
8,Colorad,35,19,Douglas County,0,2010,285.465,10.84,0,0,24.91,0,33.82,0,35.75,262.26,13.9,0,0,1.91,0,15.81,0,0,0,0,0,0,0,0,0,0,0,0,24.74,0,0,26.82,0,51.56,0,0,0,0,CO_Other
8,Colorad,43,19,Fremont County,0,2010,46.824,8.85,0,0,0.66,0,8.85,0,9.51,39.53,116.55,0,0,0.62,0,117.17,5.68,0,0,0.16,0,5.84,13.69,0,0,0,0,13.69,144.77,0,0,1.44,0,146.21,257.33,0,257.33,13.69,CO_Other
8,Colorad,47,19,Gilpin County,0,2010,5.441,0.49,0,0,0.2,0,0.53,0,0.69,3.68,2.16,0,0,0,0,2.16,0,0,0,0,0,0,0,0,0,0,0,0,2.65,0,0,0.2,0,2.85,0,0,0,0,CO_Other
8,Colorad,55,19,Huerfano County,0,2010,6.711,2.58,0,0,0.19,0,2.62,0,2.77,5.57,35.37,0,0,0.03,0,35.4,0,0,0,0.09,0,0.09,0,0,0,0,0,0,37.95,0,0,0.31,0,38.26,0,0,0,0,CO_Other
8,Colorad,57,19,Jackson County,0,2010,1.394,0.05,0,0,0.25,0,0.19,0,0.3,0.82,347.27,0,0,0,0,347.27,0,0,0,0.29,0,0.29,0,0,0,0,0,0,347.32,0,0,0.54,0,347.86,0,0,0,0,CO_Other
8,Colorad,59,19,Jefferson County,0,2010,534.543,14.95,0,0,3.65,0,15.42,0,18.6,502.11,16.48,0,0,0.28,0,16.76,40.23,0,0,2.69,0,42.92,0.02,0,0,0,0,0.02,71.68,0,0,6.62,0,78.3,193.43,0,0,0,CO_Other
8,Colorad,61,19,Kiowa County,0,2010,1.398,0,0,0,0.34,0,0.25,0,0.34,0.96,0.07,0,0,5.09,0,5.16,0,0,0,0.06,0,0.06,0,0,0,0,0,0,0.07,0,0,5.49,0,5.56,0,0,0,0,CO_Other
8,Colorad,63,19,Kit Carson County,0,2010,8.27,0,0,0,1.93,0,1.39,0,1.93,5.78,0.37,0,0,128.06,0,128.43,0,0,0,0.14,0,0.14,0,0,0,0,0,0,0.37,0,0,130.13,0,130.5,0,0,0,0,CO_Other
8,Colorad,65,19,Lake County,0,2010,7.31,1.2,0,0,0.84,0,1.49,0,2.04,4.08,11.45,0,0,0.02,0,11.47,0,0,0,0.87,0,0.87,0,0,0,0,0,0,12.65,0,0,1.73,0,14.38,0,0,0,0,CO_Other
8,Colorad,71,19,Las Animas County,0,2010,15.507,2.78,0,0,0.9,0,3.17,0,3.68,13.03,67.29,0,0,0.21,0,67.5,0,0,0,2.55,0,2.55,0,0,0,0,0,0,70.07,0,0,3.66,0,73.73,0,0,0,0,CO_Other
8,Colorad,73,19,Lincoln County,0,2010,5.467,0,0,0,0.3,0,0.23,0,0.3,4.72,1,0,0,3.06,0,4.06,0,0,0,0.13,0,0.13,0,0,0,0,0,0,1,0,0,3.49,0,4.49,0,0,0,0,CO_Other
8,Colorad,75,19,Logan County,0,2010,22.709,0,0,0,3.66,0,2.98,0,3.66,15.56,105.52,0,0,54.91,0,160.43,0,0,0,0.31,0,0.31,0,0,0,0,0,0,105.52,0,0,58.88,0,164.4,0,0,0,0,CO_Other
8,Colorad,87,19,Morgan County,0,2010,28.159,1.68,0,0,2.31,0,3.79,0,3.99,26.79,156.93,0,0,14.81,0,171.74,0,0,0,0.99,0,0.99,0,0,0,8.54,0,8.54,158.61,0,0,26.65,0,185.26,3378.35,0,0,0,CO_Other
8,Colorad,89,19,Otero County,0,2010,18.831,0,0,0,4.4,0,4.27,0,4.4,17.2,412.83,0,0,19.5,0,432.33,0,0,0,0.06,0,0.06,0,0,0,0,0,0,412.83,0,0,23.96,0,436.79,0,0,0,0,CO_Other
8,Colorad,93,19,Park County,0,2010,16.206,0.12,0,0,2.05,0,0.34,0,2.17,2.2,22.17,0,0,0,0,22.17,0,0,0,0.06,0,0.06,0,0,0,0,0,0,22.29,0,0,2.11,0,24.4,0,0,0,0,CO_Other
8,Colorad,95,19,Phillips County,0,2010,4.442,0,0,0,1.08,0,0.86,0,1.08,3.3,0.1,0,0,57.69,0,57.79,0,0,0,0.06,0,0.06,0,0,0,0,0,0,0.1,0,0,58.83,0,58.93,0,0,0,0,CO_Other
8,Colorad,99,19,Prowers County,0,2010,12.551,0,0,0,2.69,0,2.62,0,2.69,11.98,105.49,0,0,40.04,0,145.53,0,0,0,0.11,0,0.11,0,0,0,3.93,0,3.93,105.49,0,0,46.77,0,152.26,101.5,0,101.5,3.93,CO_Other
8,Colorad,101,19,Pueblo County,0,2010,159.063,42.65,0,0,0.88,0,43.28,0,43.53,155.26,140.14,0,0,14.99,0,155.13,80.31,0,0,0.19,0,80.5,9.71,0,0,0,0,9.71,272.81,0,0,16.06,0,288.87,6039.91,0,0,0,CO_Other
8,Colorad,105,19,Rio Grande County,0,2010,11.982,0,0,0,1.69,0,1.07,0,1.69,6.88,438.08,0,0,139.36,0,577.44,0,0,0,0.07,0,0.07,0,0,0,0,0,0,438.08,0,0,141.12,0,579.2,0,0,0,0,CO_Other
8,Colorad,115,19,Sedgwick County,0,2010,2.379,0,0,0,0.61,0,0.53,0,0.61,1.98,45.61,0,0,15.2,0,60.81,0,0,0,0,0,0,0,0,0,0,0,0,45.61,0,0,15.81,0,61.42,0,0,0,0,CO_Other
8,Colorad,119,19,Teller County,0,2010,23.35,1.72,0,0,1.73,0,2.98,0,3.45,15.46,4.1,0,0,0,0,4.1,0.04,0,0,0.01,0,0.05,0,0,0,0,0,0,5.86,0,0,1.74,0,7.6,0,0,0,0,CO_Other
8,Colorad,121,19,Washington County,0,2010,4.814,0,0,0,0.79,0,0.52,0,0.79,2.31,13.64,0,0,57.74,0,71.38,0,0,0,1.23,0,1.23,0,0,0,0,0,0,13.64,0,0,59.76,0,73.4,0,0,0,0,CO_Other
8,Colorad,125,19,Yuma County,0,2010,10.043,0,0,0,1.84,0,1.31,0,1.84,6.19,5.58,0,0,213.05,0,218.63,0,0,0,0.13,0,0.13,0,0,0,0,0,0,5.58,0,0,215.02,0,220.6,0,0,0,0,CO_Other
35,NewMexi,61,20,Valencia County,0,2010,76.569,0,0,0,9.14,0,5.85,0,9.14,43.66,142.96,0,0,11,0,153.96,0,0,0,0.46,0,0.46,0,0,0,0,0,0,142.96,0,0,20.6,0,163.56,0,0,0,0,NM_Urban
35,NewMexi,3,21,Catron County,0,2010,3.725,0.04,0,0,0.28,0,0.18,0,0.32,1.67,18.97,0,0,0.5,0,19.47,0,0,0,0.01,0,0.01,0,0,0,0,0,0,19.01,0,0,0.79,0,19.8,0,0,0,0,NM_Basin
35,NewMexi,6,21,Cibola County,0,2010,27.213,0,0,0,3.58,0,2.63,0,3.58,13.65,1.46,0,0,3.59,0,5.05,0,0,0,2.47,0,2.47,0,0,0,0,0,0,1.46,0,0,9.64,0,11.1,0,0,0,0,NM_Basin
35,NewMexi,17,21,Grant County,0,2010,29.514,0,0,0,3.66,0,3.5,0,3.66,27.45,28.42,0,0,4.14,0,32.56,3.27,0,0,7.03,0,10.3,0,0,0,0,0,0,31.69,0,0,14.83,0,46.52,0,0,0,0,NM_Basin
35,NewMexi,23,21,Hidalgo County,0,2010,4.894,0,0,0,0.68,0,0.56,0,0.68,3.43,6.07,0,0,52.49,0,58.56,1.51,0,0,0.7,0,2.21,0,0,0,0,0,0,7.58,0,0,53.87,0,61.45,0,0,0,0,NM_Basin
35,NewMexi,31,21,McKinley County,0,2010,71.492,0,0,0,6.47,0,3.68,0,6.47,31.6,1.07,0,0,0.36,0,1.43,0,0,0,2.83,0,2.83,0,0,0,3.05,0,3.05,1.07,0,0,12.71,0,13.78,1672.28,0,0,0,NM_Basin
35,NewMexi,39,21,Rio Arriba County,0,2010,40.246,0.63,0,0,2.94,0,2.27,0,3.57,23.96,100.42,0,0,1.64,0,102.06,0,0,0,0.49,0,0.49,0,0,0,0,0,0,101.05,0,0,5.07,0,106.12,0,0,0,0,NM_Basin
35,NewMexi,43,21,Sandoval County,0,2010,131.561,0.2,0,0,16.45,0,14.2,0,16.65,100.95,43.16,0,0,2.25,0,45.41,0,0,0,2.98,0,2.98,0,0,0,0,0,0,43.36,0,0,21.68,0,65.04,0,0,0,0,NM_Basin
35,NewMexi,45,21,San Juan County,0,2010,130.044,17.19,0,0,1.87,0,17.53,0,19.06,108.24,280.49,0,0,0.23,0,280.72,1.47,0,0,0.13,0,1.6,42.27,0,0,0,0,42.27,341.42,0,0,2.23,0,343.65,24205.3,0,0,0,NM_Basin
35,NewMexi,1,22,Bernalillo County,0,2010,662.564,40.28,0,0,60.65,0,98.26,0,100.93,635.82,38.63,0,0,7.98,0,46.61,0,0,0,1.04,0,1.04,0,0,0,0.42,0,0.42,78.91,0,0,70.09,0,149,77.08,0,0,0,NM_Other
35,NewMexi,5,22,Chaves County,0,2010,65.645,0,0,0,15.77,0,14.77,0,15.77,55.65,14.52,0,0,209.05,0,223.57,0,0,0,0.26,0,0.26,0,0,0,0,0,0,14.52,0,0,225.08,0,239.6,0,0,0,0,NM_Other
35,NewMexi,7,22,Colfax County,0,2010,13.75,1.88,0,0,0.81,0,2.64,0,2.69,13.13,41.3,0,0,3.51,0,44.81,0.27,0,0,0.04,0,0.31,0,0,0,0,0,0,43.45,0,0,4.36,0,47.81,0,0,0,0,NM_Other
35,NewMexi,9,22,Curry County,0,2010,48.376,0,0,0,7.99,0,7.33,0,7.99,41.75,0.15,0,0,155.86,0,156.01,0,0,0,0.01,0,0.01,0,0,0,0,0,0,0.15,0,0,163.86,0,164.01,0,0,0,0,NM_Other
35,NewMexi,11,22,De Baca County,0,2010,2.022,0,0,0,0.38,0,0.35,0,0.38,1.7,40.37,0,0,11.05,0,51.42,0,0,0,0.02,0,0.02,0,0,0,0,0,0,40.37,0,0,11.45,0,51.82,0,0,0,0,NM_Other
35,NewMexi,13,22,Dona Ana County,0,2010,209.233,0,0,0,37.54,0,36.96,0,37.54,203.4,242.39,0,0,115.47,0,357.86,0,0,0,0.18,0,0.18,0,0,0,1.66,0,1.66,242.39,0,0,154.85,0,397.24,729.68,0,0,0,NM_Other
35,NewMexi,15,22,Eddy County,0,2010,53.829,0,0,0,13.98,0,13.8,0,13.98,52.02,70.1,0,0,99.2,0,169.3,0,0,0,10.18,0,10.18,0,0,0,0,0,0,70.1,0,0,123.36,0,193.46,0,0,0,0,NM_Other
35,NewMexi,19,22,Guadalupe County,0,2010,4.687,0,0,0,0.75,0,0.71,0,0.75,4.25,21.1,0,0,2.03,0,23.13,0,0,0,0,0,0,0,0,0,0,0,0,21.1,0,0,2.78,0,23.88,0,0,0,0,NM_Other
35,NewMexi,21,22,Harding County,0,2010,0.695,0,0,0,0.08,0,0.06,0,0.08,0.42,0.07,0,0,3.05,0,3.12,0,0,0,0,0,0,0,0,0,0,0,0,0.07,0,0,3.13,0,3.2,0,0,0,0,NM_Other
35,NewMexi,25,22,Lea County,0,2010,64.727,0,0,0,13.11,0,11.77,0,13.11,51.35,0.07,0,0,156.92,0,156.99,0,0,0,2.03,0,2.03,0,0,0,3.37,0,3.37,0.07,0,0,175.43,0,175.5,2317.42,0,0,0,NM_Other
35,NewMexi,27,22,Lincoln County,0,2010,20.497,0.97,0,0,2.61,0,3.42,0,3.58,18.44,13.93,0,0,5.74,0,19.67,0,0,0,0.01,0,0.01,0,0,0,0,0,0,14.9,0,0,8.36,0,23.26,0,0,0,0,NM_Other
35,NewMexi,28,22,Los Alamos County,0,2010,17.95,0.02,0,0,3.61,0,3.63,0,3.63,17.95,0,0,0,0,0,0,0,0,0,0,0,0,0,0,0,0,0,0,0.02,0,0,3.61,0,3.63,0,0,0,0,NM_Other
35,NewMexi,29,22,Luna County,0,2010,25.095,0,0,0,4.39,0,3.62,0,4.39,17.34,59.48,0,0,44.56,0,104.04,0.01,0,0,0.15,0,0.16,0,0,0,1.09,0,1.09,59.49,0,0,50.19,0,109.68,714.96,0,0,0,NM_Other
35,NewMexi,33,22,Mora County,0,2010,4.881,0,0,0,0.58,0,0.5,0,0.58,3.91,11.69,0,0,0.19,0,11.88,0,0,0,0.03,0,0.03,0,0,0,0,0,0,11.69,0,0,0.8,0,12.49,0,0,0,0,NM_Other
35,NewMexi,35,22,Otero County,0,2010,63.797,4.31,0,0,4.02,0,7.78,0,8.33,58.32,6.1,0,0,15.39,0,21.49,0,0,0,0.27,0,0.27,0,0,0,0,0,0,10.41,0,0,19.68,0,30.09,0,0,0,0,NM_Other
35,NewMexi,37,22,Quay County,0,2010,9.041,0,0,0,1.58,0,1.52,0,1.58,8.3,32.34,0,0,7.64,0,39.98,0,0,0,0,0,0,0,0,0,0,0,0,32.34,0,0,9.22,0,41.56,0,0,0,0,NM_Other
35,NewMexi,41,22,Roosevelt County,0,2010,19.846,0,0,0,2.74,0,2.58,0,2.74,18.28,0.07,0,0,170.67,0,170.74,0,0,0,0.13,0,0.13,0,0,0,0,0,0,0.07,0,0,173.54,0,173.61,0,0,0,0,NM_Other
35,NewMexi,47,22,San Miguel County,0,2010,29.393,2.58,0,0,1.47,0,3.47,0,4.05,22.1,33.33,0,0,0.63,0,33.96,0,0,0,0,0,0,0,0,0,0,0,0,35.91,0,0,2.1,0,38.01,0,0,0,0,NM_Other
35,NewMexi,49,22,Santa Fe County,0,2010,144.17,4.11,0,0,10.19,0,12.21,0,14.3,119.56,16.45,0,0,19.02,0,35.47,0,0,0,0.04,0,0.04,0,0,0,0,0,0,20.56,0,0,29.25,0,49.81,0,0,0,0,NM_Other
35,NewMexi,51,22,Sierra County,0,2010,11.988,0,0,0,1.64,0,1.49,0,1.64,10.11,19.11,0,0,21.99,0,41.1,0,0,0,0.02,0,0.02,0,0,0,0,0,0,19.11,0,0,23.65,0,42.76,0,0,0,0,NM_Other
35,NewMexi,53,22,Socorro County,0,2010,17.866,0,0,0,2.37,0,2.05,0,2.37,13.89,98.93,0,0,27.99,0,126.92,0,0,0,0.07,0,0.07,0,0,0,0,0,0,98.93,0,0,30.43,0,129.36,0,0,0,0,NM_Other
35,NewMexi,55,22,Taos County,0,2010,32.937,0.17,0,0,2.89,0,2.04,0,3.06,20.18,81.28,0,0,1.17,0,82.45,3.98,0,0,6.07,0,10.05,0,0,0,0,0,0,85.43,0,0,10.13,0,95.56,0,0,0,0,NM_Other
35,NewMexi,57,22,Torrance County,0,2010,16.383,0,0,0,1.89,0,1.46,0,1.89,10.94,0.04,0,0,53.67,0,53.71,0,0,0,0.03,0,0.03,0,0,0,0,0,0,0.04,0,0,55.59,0,55.63,0,0,0,0,NM_Other
35,NewMexi,59,22,Union County,0,2010,4.549,0,0,0,0.65,0,0.5,0,0.65,2.63,1.75,0,0,60.83,0,62.58,0,0,0,0,0,0,0,0,0,0,0,0,1.75,0,0,61.48,0,63.23,0,0,0,0,NM_Other
999,Mexico,,23,,,,,,,,,,,,,,,,,,,,,,,,,,,,,,,,,,,,,,,,,,MX
